<?xml version="1.0" encoding="UTF-8"?>
<project-private xmlns="http://www.netbeans.org/ns/project-private/1">
    <editor-bookmarks xmlns="http://www.netbeans.org/ns/editor-bookmarks/2" lastBookmarkId="0"/>
    <open-files xmlns="http://www.netbeans.org/ns/projectui-open-files/2">
        <group>
            <file>file:/C:/Users/ivazq/OneDrive/Documentos/NetBeansProjects/CafeApp1TV3/src/cafeapp1tv3/Producto.java</file>
            <file>file:/C:/Users/ivazq/OneDrive/Documentos/NetBeansProjects/CafeApp1TV3/src/cafeapp1tv3/VentaProducto.java</file>
            <file>file:/C:/Users/ivazq/OneDrive/Documentos/NetBeansProjects/CafeApp1TV3/src/cafeapp1tv3/Venta.java</file>
            <file>file:/C:/Users/ivazq/OneDrive/Documentos/NetBeansProjects/CafeApp1TV3/src/cafeapp1tv3/Cafeteria.java</file>
            <file>file:/C:/Users/ivazq/OneDrive/Documentos/NetBeansProjects/CafeApp1TV3/src/cafeapp1tv3/CafeApp1TV3.java</file>
        </group>
    </open-files>
</project-private>
